created_at=2016/05/05 13:38:21,num_of_diaries=20,latest_diary_at=2016/05/05 13:38:19
id,titile,body,created_at,modified_at
1372,":start :log DESS sn=3","自動車","2016/05/05 13:38:19","2016/05/05 13:38:19"
1371,":start :log DESS sn=3","自動車","2016/05/05 13:13:11","2016/05/05 13:38:14"
1370,":end :log DESS sn=2","合気道
手","2016/05/05 13:11:25","2016/05/05 13:11:46"
1369,":end :log CakeIFM / D-22","7#1
@add memo => db","2016/05/05 12:27:00","2016/05/05 12:27:08"
1368,":start 紙メモ / 用紙作り","","2016/05/05 10:45:19","2016/05/05 10:45:27"
1367,":end :log res / 242","フリーエネルギー
Beaden
s-5#4
@","2016/05/04 19:23:04","2016/05/04 19:23:15"
1366,":resume :log res / 242","フリーエネルギー
Beaden
s-5#4
@","2016/05/04 17:36:09","2016/05/04 17:36:20"
1365,":end :log 琴 楽器","","2016/05/04 16:43:11","2016/05/04 16:43:11"
1364,":end :log res / 242","フリーエネルギー
Beaden
s-5#4
@","2016/05/04 15:38:47","2016/05/04 15:38:53"
1363,":start :log res / 242","フリーエネルギー
Beaden
s-5#4
@","2016/05/04 15:05:49","2016/05/04 15:05:57"
1362,":end 外出","@クリエイト
@東急
@キャン・ドゥ","2016/05/04 15:05:06","2016/05/04 15:05:27"
1361,":start :log E2","太陽電池","2016/05/04 12:40:30","2016/05/04 12:40:41"
1360,":start :log / admin 繕い","靴下","2016/05/04 11:08:58","2016/05/04 12:40:17"
1359,":end :log res / 250 3#1","スリッパ","2016/05/04 11:08:34","2016/05/04 11:08:45"
1358,":end :log res / 250 2#1","傘まとめる ベロクロテープ","2016/05/04 11:08:23","2016/05/04 11:08:32"
1357,":start :log res / 250 2#1","傘まとめる ベロクロテープ","2016/05/04 09:57:13","2016/05/04 11:01:47"
1356,":end :log CakeIFM / D-22","6#1
@add memo => db","2016/05/04 09:39:25","2016/05/04 09:39:30"
1355,":start :log CakeIFM / D-22","6#1
@add memo => db","2016/05/04 08:48:47","2016/05/04 08:48:53"
1354,":end :log CakeIFM","s-90","2016/05/04 08:29:22","2016/05/04 08:29:32"
1182,":pur キャン・ドゥ plan 20160501_183127","@のり
@切り干し
@コロコロ
@香り線香
@黒豆茶
@ゲキ落ち
@イヤホン
@スリッパ","2016/04/24 18:31:18","2016/05/04 11:02:09"
