created_at=2016/05/06 21:22:53,num_of_diaries=20,latest_diary_at=2016/05/06 21:22:49
id,titile,body,created_at,modified_at
1390,":end :log 食事 / 食べる","","2016/05/06 21:22:49","2016/05/06 21:22:49"
1389,":start :log 食事 / 食べる","","2016/05/06 20:32:01","2016/05/06 20:32:01"
1388,":end :log res / 242","フリーエネルギー
use Octave
s-7#1
@マック","2016/05/06 19:05:23","2016/05/06 19:05:32"
1387,":end 紙メモ 整理","使った分","2016/05/06 15:24:42","2016/05/06 15:25:02"
1386,":m X分でやれること","20分でやれること
@メモ紙作り
@繕いもの
","2016/05/06 15:09:50","2016/05/06 15:24:27"
1385,":end :log 調理","青汁
カット","2016/05/06 15:08:56","2016/05/06 15:09:04"
1384,":end :log res FX / 22-1 s-51#4","マネタリーベース","2016/05/06 14:40:24","2016/05/06 14:40:29"
1383,":end :log res / 242","フリーエネルギー
use Octave
s-6#1
@","2016/05/06 13:40:11","2016/05/06 13:40:25"
1382,":going :log res / 242","フリーエネルギー
use Octave
s-6#1
@","2016/05/06 12:57:30","2016/05/06 13:40:07"
1381,":end :log CakeIFM / D-22","7#1/steps.〜9.4
@add memo => db","2016/05/06 12:31:38","2016/05/06 12:32:03"
1380,":pur キャン・ドゥ plan 20160505_201011","@のり
@切り干し
@コロコロ
@香り線香
@黒豆茶
@イヤホン
@スポンジ 食器","2016/05/05 20:10:05","2016/05/05 20:10:38"
1379,":end :log res / 242","フリーエネルギー
Beaden
s-5#5
@","2016/05/05 19:40:39","2016/05/05 19:40:46"
1378,":log :end 仮眠 / 11","","2016/05/05 18:05:00","2016/05/05 18:05:13"
1377,":end :log 琴 楽器","","2016/05/05 16:51:06","2016/05/05 16:51:12"
1376,":th 幸せになるには","幸せになる => コツがある
@人と、比べない","2016/05/05 15:33:57","2016/05/05 15:35:00"
1375,":start :log 琴 楽器","","2016/05/05 15:33:54","2016/05/05 15:33:54"
1374,":end :log E2","D-29 5#","2016/05/05 15:24:23","2016/05/05 15:24:29"
1373,":start :log E2","D-29 5#","2016/05/05 13:43:35","2016/05/05 13:43:54"
1372,":end :log DESS sn=3","自動車","2016/05/05 13:38:19","2016/05/05 13:38:33"
1361,":start :log E2","D-31 1#1
太陽電池","2016/05/04 12:40:30","2016/05/05 13:43:29"
